epoch,accuracy,loss,val_accuracy,val_loss
0,0.5678337216377258,2.4528086185455322,0.30035024881362915,214.37722778320312
